날짜,매체,캠페인,광고그룹,소재,광고비,노출,클릭,장바구니,전환,매출
2026-09-24,NAVER,브랜드 검색,브랜드 키워드,브랜드 텍스트A,250350,19502,1332,185,57,2916800
2026-09-24,NAVER,가을 프로모션,일반 키워드,할인 텍스트B,536420,42781,1339,111,37,1813000
2026-09-24,NAVER,쇼핑 검색,쇼핑 상품,상품카드C,393860,55173,1137,139,32,1245000
2026-09-24,META,리타겟팅,장바구니 이탈,카루셀 이미지A,407660,52266,726,80,23,1043100
2026-09-24,META,신규 유입,관심사 타겟,릴스 영상B,429500,123383,1073,57,16,662900
2026-09-24,GOOGLE,검색 광고,일반 검색,반응형 텍스트A,525960,23233,891,75,27,1352000
2026-09-24,GOOGLE,퍼포먼스 맥스,전체 자산,PMax 자산그룹B,395520,82600,894,69,14,572500
2026-09-25,NAVER,브랜드 검색,브랜드 키워드,브랜드 텍스트A,196240,16586,982,92,50,2271100
2026-09-25,NAVER,가을 프로모션,일반 키워드,할인 텍스트B,409890,35732,1101,79,28,1224300
2026-09-25,NAVER,쇼핑 검색,쇼핑 상품,상품카드C,369240,66361,1277,157,57,2493100
2026-09-25,META,리타겟팅,장바구니 이탈,카루셀 이미지A,326960,47353,711,95,40,2195300
2026-09-25,META,신규 유입,관심사 타겟,릴스 영상B,379260,117055,1043,54,14,612100
2026-09-25,GOOGLE,검색 광고,일반 검색,반응형 텍스트A,630080,23623,1017,91,50,2868600
2026-09-25,GOOGLE,퍼포먼스 맥스,전체 자산,PMax 자산그룹B,534390,102335,1259,102,29,1412600
2026-09-26,NAVER,브랜드 검색,브랜드 키워드,브랜드 텍스트A,272230,23677,1700,201,99,4556400
2026-09-26,NAVER,가을 프로모션,일반 키워드,할인 텍스트B,607420,47849,1367,97,30,1606200
2026-09-26,NAVER,쇼핑 검색,쇼핑 상품,상품카드C,417570,73190,1378,133,60,3085000
2026-09-26,META,리타겟팅,장바구니 이탈,카루셀 이미지A,375540,62439,792,82,41,2335400
2026-09-26,META,신규 유입,관심사 타겟,릴스 영상B,510850,132594,1246,76,13,630800
2026-09-26,GOOGLE,검색 광고,일반 검색,반응형 텍스트A,691570,24540,1045,108,35,1890000
2026-09-26,GOOGLE,퍼포먼스 맥스,전체 자산,PMax 자산그룹B,529620,105966,1100,96,26,1192100
2026-09-27,NAVER,브랜드 검색,브랜드 키워드,브랜드 텍스트A,283270,22210,1588,169,110,6557400
2026-09-27,NAVER,가을 프로모션,일반 키워드,할인 텍스트B,525720,49474,1376,104,45,2145500
2026-09-27,NAVER,쇼핑 검색,쇼핑 상품,상품카드C,462440,74252,1397,144,40,1871800
2026-09-27,META,리타겟팅,장바구니 이탈,카루셀 이미지A,430610,59254,851,109,40,2137100
2026-09-27,META,신규 유입,관심사 타겟,릴스 영상B,439290,158232,1263,69,19,765500
2026-09-27,GOOGLE,검색 광고,일반 검색,반응형 텍스트A,562270,26583,1024,92,40,2411200
2026-09-27,GOOGLE,퍼포먼스 맥스,전체 자산,PMax 자산그룹B,374890,96071,900,76,26,1256000
2026-09-28,NAVER,브랜드 검색,브랜드 키워드,브랜드 텍스트A,200090,19325,1154,163,89,4364800
2026-09-28,NAVER,가을 프로모션,일반 키워드,할인 텍스트B,453850,36214,1026,90,35,1470100
2026-09-28,NAVER,쇼핑 검색,쇼핑 상품,상품카드C,278620,56108,925,98,39,1509200
2026-09-28,META,리타겟팅,장바구니 이탈,카루셀 이미지A,389080,53150,835,83,46,2438400
2026-09-28,META,신규 유입,관심사 타겟,릴스 영상B,362160,108677,1064,64,16,603800
2026-09-28,GOOGLE,검색 광고,일반 검색,반응형 텍스트A,738890,27208,1177,100,45,2842100
2026-09-28,GOOGLE,퍼포먼스 맥스,전체 자산,PMax 자산그룹B,463820,98694,1035,86,24,1057400
2026-09-29,NAVER,브랜드 검색,브랜드 키워드,브랜드 텍스트A,241230,20458,1448,199,83,4737900
2026-09-29,NAVER,가을 프로모션,일반 키워드,할인 텍스트B,487130,43946,1065,92,23,1208200
2026-09-29,NAVER,쇼핑 검색,쇼핑 상품,상품카드C,294940,53063,865,65,21,964100
2026-09-29,META,리타겟팅,장바구니 이탈,카루셀 이미지A,495610,61135,982,110,50,2161000
2026-09-29,META,신규 유입,관심사 타겟,릴스 영상B,365600,102731,972,42,14,666500
2026-09-29,GOOGLE,검색 광고,일반 검색,반응형 텍스트A,623090,26951,980,104,43,2092700
2026-09-29,GOOGLE,퍼포먼스 맥스,전체 자산,PMax 자산그룹B,451470,84960,1043,73,27,1121000
2026-09-30,NAVER,브랜드 검색,브랜드 키워드,브랜드 텍스트A,167500,18894,1046,148,45,2027200
2026-09-30,NAVER,가을 프로모션,일반 키워드,할인 텍스트B,575770,39236,1237,112,34,1724200
2026-09-30,NAVER,쇼핑 검색,쇼핑 상품,상품카드C,297130,62422,1049,101,29,1269600
2026-09-30,META,리타겟팅,장바구니 이탈,카루셀 이미지A,305360,49564,597,81,20,975900
2026-09-30,META,신규 유입,관심사 타겟,릴스 영상B,397750,116017,1045,63,15,655800
2026-09-30,GOOGLE,검색 광고,일반 검색,반응형 텍스트A,870330,28663,1321,107,42,2156200
2026-09-30,GOOGLE,퍼포먼스 맥스,전체 자산,PMax 자산그룹B,408160,92390,979,53,19,797200
2026-10-01,NAVER,브랜드 검색,브랜드 키워드,브랜드 텍스트A,210840,18210,1069,123,83,3943800
2026-10-01,NAVER,가을 프로모션,일반 키워드,할인 텍스트B,388680,40285,972,89,35,1803000
2026-10-01,NAVER,쇼핑 검색,쇼핑 상품,상품카드C,344180,57832,1086,101,34,1619100
2026-10-01,META,리타겟팅,장바구니 이탈,카루셀 이미지A,348880,60497,733,66,29,1517300
2026-10-01,META,신규 유입,관심사 타겟,릴스 영상B,386500,122811,1079,44,15,713800
2026-10-01,GOOGLE,검색 광고,일반 검색,반응형 텍스트A,579300,24662,973,95,35,2165700
2026-10-01,GOOGLE,퍼포먼스 맥스,전체 자산,PMax 자산그룹B,437830,90919,909,77,26,1237200
2026-10-02,NAVER,브랜드 검색,브랜드 키워드,브랜드 텍스트A,238710,17313,1242,130,84,4915900
2026-10-02,NAVER,가을 프로모션,일반 키워드,할인 텍스트B,441860,39426,970,73,24,1126300
2026-10-02,NAVER,쇼핑 검색,쇼핑 상품,상품카드C,284350,53174,910,108,32,1595900
2026-10-02,META,리타겟팅,장바구니 이탈,카루셀 이미지A,344370,61585,737,73,30,1420200
2026-10-02,META,신규 유입,관심사 타겟,릴스 영상B,379870,110021,937,41,11,487100
2026-10-02,GOOGLE,검색 광고,일반 검색,반응형 텍스트A,525810,22832,845,75,37,2163500
2026-10-02,GOOGLE,퍼포먼스 맥스,전체 자산,PMax 자산그룹B,438290,80799,915,50,24,1169000
2026-10-03,NAVER,브랜드 검색,브랜드 키워드,브랜드 텍스트A,251250,19205,1408,153,75,3629500
2026-10-03,NAVER,가을 프로모션,일반 키워드,할인 텍스트B,479020,46794,1287,105,36,1925300
2026-10-03,NAVER,쇼핑 검색,쇼핑 상품,상품카드C,311060,62059,971,119,35,1394900
2026-10-03,META,리타겟팅,장바구니 이탈,카루셀 이미지A,383200,62663,785,77,41,1876400
2026-10-03,META,신규 유입,관심사 타겟,릴스 영상B,414610,119005,1036,65,14,532600
2026-10-03,GOOGLE,검색 광고,일반 검색,반응형 텍스트A,683120,30067,1110,105,33,1619400
2026-10-03,GOOGLE,퍼포먼스 맥스,전체 자산,PMax 자산그룹B,519910,112872,1097,69,28,1344000
2026-10-04,NAVER,브랜드 검색,브랜드 키워드,브랜드 텍스트A,234100,18362,1266,143,71,3942100
2026-10-04,NAVER,가을 프로모션,일반 키워드,할인 텍스트B,630130,53817,1395,119,47,1947300
2026-10-04,NAVER,쇼핑 검색,쇼핑 상품,상품카드C,330490,70954,1112,133,28,1421400
2026-10-04,META,리타겟팅,장바구니 이탈,카루셀 이미지A,440200,66466,896,121,46,2307500
2026-10-04,META,신규 유입,관심사 타겟,릴스 영상B,499890,141141,1359,52,15,737600
2026-10-04,GOOGLE,검색 광고,일반 검색,반응형 텍스트A,606050,28239,1048,78,30,1429400
2026-10-04,GOOGLE,퍼포먼스 맥스,전체 자산,PMax 자산그룹B,646490,113261,1331,73,24,1087900
2026-10-05,NAVER,브랜드 검색,브랜드 키워드,브랜드 텍스트A,176350,15532,901,117,67,3385400
2026-10-05,NAVER,가을 프로모션,일반 키워드,할인 텍스트B,464920,39657,1058,66,37,1935300
2026-10-05,NAVER,쇼핑 검색,쇼핑 상품,상품카드C,342300,62242,1075,94,26,1314700
2026-10-05,META,리타겟팅,장바구니 이탈,카루셀 이미지A,403530,53157,700,79,33,1789000
2026-10-05,META,신규 유입,관심사 타겟,릴스 영상B,331450,113202,932,41,11,533900
2026-10-05,GOOGLE,검색 광고,일반 검색,반응형 텍스트A,710530,24690,1179,97,48,2929300
2026-10-05,GOOGLE,퍼포먼스 맥스,전체 자산,PMax 자산그룹B,478210,83912,994,65,28,1206300
2026-10-06,NAVER,브랜드 검색,브랜드 키워드,브랜드 텍스트A,175860,15347,888,132,61,3537500
2026-10-06,NAVER,가을 프로모션,일반 키워드,할인 텍스트B,430750,36758,1135,109,31,1408700
2026-10-06,NAVER,쇼핑 검색,쇼핑 상품,상품카드C,346240,64490,1173,115,38,1557200
2026-10-06,META,리타겟팅,장바구니 이탈,카루셀 이미지A,392480,61890,778,73,42,2017100
2026-10-06,META,신규 유입,관심사 타겟,릴스 영상B,391880,106314,1030,62,15,610800
2026-10-06,GOOGLE,검색 광고,일반 검색,반응형 텍스트A,621320,24942,1127,78,32,1924100
2026-10-06,GOOGLE,퍼포먼스 맥스,전체 자산,PMax 자산그룹B,420220,94387,905,71,22,965000
2026-10-07,NAVER,브랜드 검색,브랜드 키워드,브랜드 텍스트A,213940,18058,1297,147,55,3240100
2026-10-07,NAVER,가을 프로모션,일반 키워드,할인 텍스트B,432960,39196,943,85,36,1616400
2026-10-07,NAVER,쇼핑 검색,쇼핑 상품,상품카드C,345890,65152,1137,140,33,1562100
2026-10-07,META,리타겟팅,장바구니 이탈,카루셀 이미지A,457760,60263,807,110,40,2069500
2026-10-07,META,신규 유입,관심사 타겟,릴스 영상B,561040,137417,1336,77,16,702900
2026-10-07,GOOGLE,검색 광고,일반 검색,반응형 텍스트A,525600,24809,929,85,26,1443100
2026-10-07,GOOGLE,퍼포먼스 맥스,전체 자산,PMax 자산그룹B,407400,84822,940,57,22,1117200
